MMSI,VesselName,VesselType,X,Y,Latitude,Longitude,Timestamp,SOG
999000001,Ocean Pioneer,Tanker,54.5610301,25.3334747,25.3334747,54.5610301,2026-09-12T06:00:00Z,11.2
999000002,Gulf Horizon,Cargo,54.5705718,25.3274396,25.3274396,54.5705718,2026-09-12T06:05:00Z,14.8
999000003,Sea Falcon,Container,54.5491275,25.3182884,25.3182884,54.5491275,2026-09-12T06:10:00Z,18.1
999000004,Arabian Trader,Supply Vessel,54.5759795,25.3506271,25.3506271,54.5759795,2026-09-12T06:15:00Z,9.5
999000005,Blue Meridian,Bulk Carrier,54.5823871,25.2949524,25.2949524,54.5823871,2026-09-12T06:20:00Z,13.5
999000006,Coastal Voyager,Fishing,54.4925988,25.3246701,25.3246701,54.4925988,2026-09-12T06:25:00Z,7.4
999000007,Eastern Star,Passenger,54.5011604,25.3933807,25.3933807,54.5011604,2026-09-12T06:30:00Z,16.0
999000008,Marine Sentinel,Tanker,54.682483,25.3495207,25.3495207,54.682483,2026-09-12T06:35:00Z,12.7
999000009,Pacific Trader,Container,54.5136464,25.173638,25.173638,54.5136464,2026-09-12T06:40:00Z,18.6
999000010,Ocean Crest,Cargo,54.348563,25.3812075,25.3812075,54.348563,2026-09-12T06:45:00Z,13.1
999000011,Gulf Navigator,Tanker,54.7922865,25.1829885,25.1829885,54.7922865,2026-09-12T06:50:00Z,11.8
999000012,Horizon Carrier,Bulk Carrier,54.482744,25.5906034,25.5906034,54.482744,2026-09-12T06:55:00Z,15.4
